SNV,SG,window_length,polyorder,deriv,bin_size,n_components,Factor
True,True,3.0,1.0,1.0,5,5,0.9
True,True,3.0,1.0,1.0,5,5,1.0
True,True,3.0,1.0,1.0,5,5,1.1
True,True,3.0,1.0,1.0,5,5,1.3
True,True,3.0,1.0,1.0,5,10,0.9
True,True,3.0,1.0,1.0,5,10,1.0
True,True,3.0,1.0,1.0,5,10,1.1
True,True,3.0,1.0,1.0,5,10,1.3
True,True,3.0,1.0,1.0,5,25,0.9
True,True,3.0,1.0,1.0,5,25,1.0
True,True,3.0,1.0,1.0,5,25,1.1
True,True,3.0,1.0,1.0,5,25,1.3
True,True,3.0,2.0,1.0,5,5,0.9
True,True,3.0,2.0,1.0,5,5,1.0
True,True,3.0,2.0,1.0,5,5,1.1
True,True,3.0,2.0,1.0,5,5,1.3
True,True,3.0,2.0,1.0,5,10,0.9
True,True,3.0,2.0,1.0,5,10,1.0
True,True,3.0,2.0,1.0,5,10,1.1
True,True,3.0,2.0,1.0,5,10,1.3
True,True,3.0,2.0,1.0,5,25,0.9
True,True,3.0,2.0,1.0,5,25,1.0
True,True,3.0,2.0,1.0,5,25,1.1
True,True,3.0,2.0,1.0,5,25,1.3
True,True,3.0,2.0,2.0,5,5,0.9
True,True,3.0,2.0,2.0,5,5,1.0
True,True,3.0,2.0,2.0,5,5,1.1
True,True,3.0,2.0,2.0,5,5,1.3
True,True,3.0,2.0,2.0,5,10,0.9
True,True,3.0,2.0,2.0,5,10,1.0
True,True,3.0,2.0,2.0,5,10,1.1
True,True,3.0,2.0,2.0,5,10,1.3
True,True,3.0,2.0,2.0,5,25,0.9
True,True,3.0,2.0,2.0,5,25,1.0
True,True,3.0,2.0,2.0,5,25,1.1
True,True,3.0,2.0,2.0,5,25,1.3
True,True,7.0,1.0,1.0,5,5,0.9
True,True,7.0,1.0,1.0,5,5,1.0
True,True,7.0,1.0,1.0,5,5,1.1
True,True,7.0,1.0,1.0,5,5,1.3
True,True,7.0,1.0,1.0,5,10,0.9
True,True,7.0,1.0,1.0,5,10,1.0
True,True,7.0,1.0,1.0,5,10,1.1
True,True,7.0,1.0,1.0,5,10,1.3
True,True,7.0,1.0,1.0,5,25,0.9
True,True,7.0,1.0,1.0,5,25,1.0
True,True,7.0,1.0,1.0,5,25,1.1
True,True,7.0,1.0,1.0,5,25,1.3
True,True,7.0,2.0,1.0,5,5,0.9
True,True,7.0,2.0,1.0,5,5,1.0
True,True,7.0,2.0,1.0,5,5,1.1
True,True,7.0,2.0,1.0,5,5,1.3
True,True,7.0,2.0,1.0,5,10,0.9
True,True,7.0,2.0,1.0,5,10,1.0
True,True,7.0,2.0,1.0,5,10,1.1
True,True,7.0,2.0,1.0,5,10,1.3
True,True,7.0,2.0,1.0,5,25,0.9
True,True,7.0,2.0,1.0,5,25,1.0
True,True,7.0,2.0,1.0,5,25,1.1
True,True,7.0,2.0,1.0,5,25,1.3
True,True,7.0,2.0,2.0,5,5,0.9
True,True,7.0,2.0,2.0,5,5,1.0
True,True,7.0,2.0,2.0,5,5,1.1
True,True,7.0,2.0,2.0,5,5,1.3
True,True,7.0,2.0,2.0,5,10,0.9
True,True,7.0,2.0,2.0,5,10,1.0
True,True,7.0,2.0,2.0,5,10,1.1
True,True,7.0,2.0,2.0,5,10,1.3
True,True,7.0,2.0,2.0,5,25,0.9
True,True,7.0,2.0,2.0,5,25,1.0
True,True,7.0,2.0,2.0,5,25,1.1
True,True,7.0,2.0,2.0,5,25,1.3
True,True,13.0,1.0,1.0,5,5,0.9
True,True,13.0,1.0,1.0,5,5,1.0
True,True,13.0,1.0,1.0,5,5,1.1
True,True,13.0,1.0,1.0,5,5,1.3
True,True,13.0,1.0,1.0,5,10,0.9
True,True,13.0,1.0,1.0,5,10,1.0
True,True,13.0,1.0,1.0,5,10,1.1
True,True,13.0,1.0,1.0,5,10,1.3
True,True,13.0,1.0,1.0,5,25,0.9
True,True,13.0,1.0,1.0,5,25,1.0
True,True,13.0,1.0,1.0,5,25,1.1
True,True,13.0,1.0,1.0,5,25,1.3
True,True,13.0,2.0,1.0,5,5,0.9
True,True,13.0,2.0,1.0,5,5,1.0
True,True,13.0,2.0,1.0,5,5,1.1
True,True,13.0,2.0,1.0,5,5,1.3
True,True,13.0,2.0,1.0,5,10,0.9
True,True,13.0,2.0,1.0,5,10,1.0
True,True,13.0,2.0,1.0,5,10,1.1
True,True,13.0,2.0,1.0,5,10,1.3
True,True,13.0,2.0,1.0,5,25,0.9
True,True,13.0,2.0,1.0,5,25,1.0
True,True,13.0,2.0,1.0,5,25,1.1
True,True,13.0,2.0,1.0,5,25,1.3
True,True,13.0,2.0,2.0,5,5,0.9
True,True,13.0,2.0,2.0,5,5,1.0
True,True,13.0,2.0,2.0,5,5,1.1
True,True,13.0,2.0,2.0,5,5,1.3
True,True,13.0,2.0,2.0,5,10,0.9
True,True,13.0,2.0,2.0,5,10,1.0
True,True,13.0,2.0,2.0,5,10,1.1
True,True,13.0,2.0,2.0,5,10,1.3
True,True,13.0,2.0,2.0,5,25,0.9
True,True,13.0,2.0,2.0,5,25,1.0
True,True,13.0,2.0,2.0,5,25,1.1
True,True,13.0,2.0,2.0,5,25,1.3
True,True,3.0,1.0,1.0,10,5,0.9
True,True,3.0,1.0,1.0,10,5,1.0
True,True,3.0,1.0,1.0,10,5,1.1
True,True,3.0,1.0,1.0,10,5,1.3
True,True,3.0,1.0,1.0,10,10,0.9
True,True,3.0,1.0,1.0,10,10,1.0
True,True,3.0,1.0,1.0,10,10,1.1
True,True,3.0,1.0,1.0,10,10,1.3
True,True,3.0,1.0,1.0,10,25,0.9
True,True,3.0,1.0,1.0,10,25,1.0
True,True,3.0,1.0,1.0,10,25,1.1
True,True,3.0,1.0,1.0,10,25,1.3
True,True,3.0,2.0,1.0,10,5,0.9
True,True,3.0,2.0,1.0,10,5,1.0
True,True,3.0,2.0,1.0,10,5,1.1
True,True,3.0,2.0,1.0,10,5,1.3
True,True,3.0,2.0,1.0,10,10,0.9
True,True,3.0,2.0,1.0,10,10,1.0
True,True,3.0,2.0,1.0,10,10,1.1
True,True,3.0,2.0,1.0,10,10,1.3
True,True,3.0,2.0,1.0,10,25,0.9
True,True,3.0,2.0,1.0,10,25,1.0
True,True,3.0,2.0,1.0,10,25,1.1
True,True,3.0,2.0,1.0,10,25,1.3
True,True,3.0,2.0,2.0,10,5,0.9
True,True,3.0,2.0,2.0,10,5,1.0
True,True,3.0,2.0,2.0,10,5,1.1
True,True,3.0,2.0,2.0,10,5,1.3
True,True,3.0,2.0,2.0,10,10,0.9
True,True,3.0,2.0,2.0,10,10,1.0
True,True,3.0,2.0,2.0,10,10,1.1
True,True,3.0,2.0,2.0,10,10,1.3
True,True,3.0,2.0,2.0,10,25,0.9
True,True,3.0,2.0,2.0,10,25,1.0
True,True,3.0,2.0,2.0,10,25,1.1
True,True,3.0,2.0,2.0,10,25,1.3
True,True,7.0,1.0,1.0,10,5,0.9
True,True,7.0,1.0,1.0,10,5,1.0
True,True,7.0,1.0,1.0,10,5,1.1
True,True,7.0,1.0,1.0,10,5,1.3
True,True,7.0,1.0,1.0,10,10,0.9
True,True,7.0,1.0,1.0,10,10,1.0
True,True,7.0,1.0,1.0,10,10,1.1
True,True,7.0,1.0,1.0,10,10,1.3
True,True,7.0,1.0,1.0,10,25,0.9
True,True,7.0,1.0,1.0,10,25,1.0
True,True,7.0,1.0,1.0,10,25,1.1
True,True,7.0,1.0,1.0,10,25,1.3
True,True,7.0,2.0,1.0,10,5,0.9
True,True,7.0,2.0,1.0,10,5,1.0
True,True,7.0,2.0,1.0,10,5,1.1
True,True,7.0,2.0,1.0,10,5,1.3
True,True,7.0,2.0,1.0,10,10,0.9
True,True,7.0,2.0,1.0,10,10,1.0
True,True,7.0,2.0,1.0,10,10,1.1
True,True,7.0,2.0,1.0,10,10,1.3
True,True,7.0,2.0,1.0,10,25,0.9
True,True,7.0,2.0,1.0,10,25,1.0
True,True,7.0,2.0,1.0,10,25,1.1
True,True,7.0,2.0,1.0,10,25,1.3
True,True,7.0,2.0,2.0,10,5,0.9
True,True,7.0,2.0,2.0,10,5,1.0
True,True,7.0,2.0,2.0,10,5,1.1
True,True,7.0,2.0,2.0,10,5,1.3
True,True,7.0,2.0,2.0,10,10,0.9
True,True,7.0,2.0,2.0,10,10,1.0
True,True,7.0,2.0,2.0,10,10,1.1
True,True,7.0,2.0,2.0,10,10,1.3
True,True,7.0,2.0,2.0,10,25,0.9
True,True,7.0,2.0,2.0,10,25,1.0
True,True,7.0,2.0,2.0,10,25,1.1
True,True,7.0,2.0,2.0,10,25,1.3
True,True,13.0,1.0,1.0,10,5,0.9
True,True,13.0,1.0,1.0,10,5,1.0
True,True,13.0,1.0,1.0,10,5,1.1
True,True,13.0,1.0,1.0,10,5,1.3
True,True,13.0,1.0,1.0,10,10,0.9
True,True,13.0,1.0,1.0,10,10,1.0
True,True,13.0,1.0,1.0,10,10,1.1
True,True,13.0,1.0,1.0,10,10,1.3
True,True,13.0,1.0,1.0,10,25,0.9
True,True,13.0,1.0,1.0,10,25,1.0
True,True,13.0,1.0,1.0,10,25,1.1
True,True,13.0,1.0,1.0,10,25,1.3
True,True,13.0,2.0,1.0,10,5,0.9
True,True,13.0,2.0,1.0,10,5,1.0
True,True,13.0,2.0,1.0,10,5,1.1
True,True,13.0,2.0,1.0,10,5,1.3
True,True,13.0,2.0,1.0,10,10,0.9
True,True,13.0,2.0,1.0,10,10,1.0
True,True,13.0,2.0,1.0,10,10,1.1
True,True,13.0,2.0,1.0,10,10,1.3
True,True,13.0,2.0,1.0,10,25,0.9
True,True,13.0,2.0,1.0,10,25,1.0
True,True,13.0,2.0,1.0,10,25,1.1
True,True,13.0,2.0,1.0,10,25,1.3
True,True,13.0,2.0,2.0,10,5,0.9
True,True,13.0,2.0,2.0,10,5,1.0
True,True,13.0,2.0,2.0,10,5,1.1
True,True,13.0,2.0,2.0,10,5,1.3
True,True,13.0,2.0,2.0,10,10,0.9
True,True,13.0,2.0,2.0,10,10,1.0
True,True,13.0,2.0,2.0,10,10,1.1
True,True,13.0,2.0,2.0,10,10,1.3
True,True,13.0,2.0,2.0,10,25,0.9
True,True,13.0,2.0,2.0,10,25,1.0
True,True,13.0,2.0,2.0,10,25,1.1
True,True,13.0,2.0,2.0,10,25,1.3
True,True,3.0,1.0,1.0,15,5,0.9
True,True,3.0,1.0,1.0,15,5,1.0
True,True,3.0,1.0,1.0,15,5,1.1
True,True,3.0,1.0,1.0,15,5,1.3
True,True,3.0,1.0,1.0,15,10,0.9
True,True,3.0,1.0,1.0,15,10,1.0
True,True,3.0,1.0,1.0,15,10,1.1
True,True,3.0,1.0,1.0,15,10,1.3
True,True,3.0,1.0,1.0,15,25,0.9
True,True,3.0,1.0,1.0,15,25,1.0
True,True,3.0,1.0,1.0,15,25,1.1
True,True,3.0,1.0,1.0,15,25,1.3
True,True,3.0,2.0,1.0,15,5,0.9
True,True,3.0,2.0,1.0,15,5,1.0
True,True,3.0,2.0,1.0,15,5,1.1
True,True,3.0,2.0,1.0,15,5,1.3
True,True,3.0,2.0,1.0,15,10,0.9
True,True,3.0,2.0,1.0,15,10,1.0
True,True,3.0,2.0,1.0,15,10,1.1
True,True,3.0,2.0,1.0,15,10,1.3
True,True,3.0,2.0,1.0,15,25,0.9
True,True,3.0,2.0,1.0,15,25,1.0
True,True,3.0,2.0,1.0,15,25,1.1
True,True,3.0,2.0,1.0,15,25,1.3
True,True,3.0,2.0,2.0,15,5,0.9
True,True,3.0,2.0,2.0,15,5,1.0
True,True,3.0,2.0,2.0,15,5,1.1
True,True,3.0,2.0,2.0,15,5,1.3
True,True,3.0,2.0,2.0,15,10,0.9
True,True,3.0,2.0,2.0,15,10,1.0
True,True,3.0,2.0,2.0,15,10,1.1
True,True,3.0,2.0,2.0,15,10,1.3
True,True,3.0,2.0,2.0,15,25,0.9
True,True,3.0,2.0,2.0,15,25,1.0
True,True,3.0,2.0,2.0,15,25,1.1
True,True,3.0,2.0,2.0,15,25,1.3
True,True,7.0,1.0,1.0,15,5,0.9
True,True,7.0,1.0,1.0,15,5,1.0
True,True,7.0,1.0,1.0,15,5,1.1
True,True,7.0,1.0,1.0,15,5,1.3
True,True,7.0,1.0,1.0,15,10,0.9
True,True,7.0,1.0,1.0,15,10,1.0
True,True,7.0,1.0,1.0,15,10,1.1
True,True,7.0,1.0,1.0,15,10,1.3
True,True,7.0,1.0,1.0,15,25,0.9
True,True,7.0,1.0,1.0,15,25,1.0
True,True,7.0,1.0,1.0,15,25,1.1
True,True,7.0,1.0,1.0,15,25,1.3
True,True,7.0,2.0,1.0,15,5,0.9
True,True,7.0,2.0,1.0,15,5,1.0
True,True,7.0,2.0,1.0,15,5,1.1
True,True,7.0,2.0,1.0,15,5,1.3
True,True,7.0,2.0,1.0,15,10,0.9
True,True,7.0,2.0,1.0,15,10,1.0
True,True,7.0,2.0,1.0,15,10,1.1
True,True,7.0,2.0,1.0,15,10,1.3
True,True,7.0,2.0,1.0,15,25,0.9
True,True,7.0,2.0,1.0,15,25,1.0
True,True,7.0,2.0,1.0,15,25,1.1
True,True,7.0,2.0,1.0,15,25,1.3
True,True,7.0,2.0,2.0,15,5,0.9
True,True,7.0,2.0,2.0,15,5,1.0
True,True,7.0,2.0,2.0,15,5,1.1
True,True,7.0,2.0,2.0,15,5,1.3
True,True,7.0,2.0,2.0,15,10,0.9
True,True,7.0,2.0,2.0,15,10,1.0
True,True,7.0,2.0,2.0,15,10,1.1
True,True,7.0,2.0,2.0,15,10,1.3
True,True,7.0,2.0,2.0,15,25,0.9
True,True,7.0,2.0,2.0,15,25,1.0
True,True,7.0,2.0,2.0,15,25,1.1
True,True,7.0,2.0,2.0,15,25,1.3
True,True,13.0,1.0,1.0,15,5,0.9
True,True,13.0,1.0,1.0,15,5,1.0
True,True,13.0,1.0,1.0,15,5,1.1
True,True,13.0,1.0,1.0,15,5,1.3
True,True,13.0,1.0,1.0,15,10,0.9
True,True,13.0,1.0,1.0,15,10,1.0
True,True,13.0,1.0,1.0,15,10,1.1
True,True,13.0,1.0,1.0,15,10,1.3
True,True,13.0,1.0,1.0,15,25,0.9
True,True,13.0,1.0,1.0,15,25,1.0
True,True,13.0,1.0,1.0,15,25,1.1
True,True,13.0,1.0,1.0,15,25,1.3
True,True,13.0,2.0,1.0,15,5,0.9
True,True,13.0,2.0,1.0,15,5,1.0
True,True,13.0,2.0,1.0,15,5,1.1
True,True,13.0,2.0,1.0,15,5,1.3
True,True,13.0,2.0,1.0,15,10,0.9
True,True,13.0,2.0,1.0,15,10,1.0
True,True,13.0,2.0,1.0,15,10,1.1
True,True,13.0,2.0,1.0,15,10,1.3
True,True,13.0,2.0,1.0,15,25,0.9
True,True,13.0,2.0,1.0,15,25,1.0
True,True,13.0,2.0,1.0,15,25,1.1
True,True,13.0,2.0,1.0,15,25,1.3
True,True,13.0,2.0,2.0,15,5,0.9
True,True,13.0,2.0,2.0,15,5,1.0
True,True,13.0,2.0,2.0,15,5,1.1
True,True,13.0,2.0,2.0,15,5,1.3
True,True,13.0,2.0,2.0,15,10,0.9
True,True,13.0,2.0,2.0,15,10,1.0
True,True,13.0,2.0,2.0,15,10,1.1
True,True,13.0,2.0,2.0,15,10,1.3
True,True,13.0,2.0,2.0,15,25,0.9
True,True,13.0,2.0,2.0,15,25,1.0
True,True,13.0,2.0,2.0,15,25,1.1
True,True,13.0,2.0,2.0,15,25,1.3
True,True,3.0,1.0,1.0,20,5,0.9
True,True,3.0,1.0,1.0,20,5,1.0
True,True,3.0,1.0,1.0,20,5,1.1
True,True,3.0,1.0,1.0,20,5,1.3
True,True,3.0,1.0,1.0,20,10,0.9
True,True,3.0,1.0,1.0,20,10,1.0
True,True,3.0,1.0,1.0,20,10,1.1
True,True,3.0,1.0,1.0,20,10,1.3
True,True,3.0,1.0,1.0,20,25,0.9
True,True,3.0,1.0,1.0,20,25,1.0
True,True,3.0,1.0,1.0,20,25,1.1
True,True,3.0,1.0,1.0,20,25,1.3
True,True,3.0,2.0,1.0,20,5,0.9
True,True,3.0,2.0,1.0,20,5,1.0
True,True,3.0,2.0,1.0,20,5,1.1
True,True,3.0,2.0,1.0,20,5,1.3
True,True,3.0,2.0,1.0,20,10,0.9
True,True,3.0,2.0,1.0,20,10,1.0
True,True,3.0,2.0,1.0,20,10,1.1
True,True,3.0,2.0,1.0,20,10,1.3
True,True,3.0,2.0,1.0,20,25,0.9
True,True,3.0,2.0,1.0,20,25,1.0
True,True,3.0,2.0,1.0,20,25,1.1
True,True,3.0,2.0,1.0,20,25,1.3
True,True,3.0,2.0,2.0,20,5,0.9
True,True,3.0,2.0,2.0,20,5,1.0
True,True,3.0,2.0,2.0,20,5,1.1
True,True,3.0,2.0,2.0,20,5,1.3
True,True,3.0,2.0,2.0,20,10,0.9
True,True,3.0,2.0,2.0,20,10,1.0
True,True,3.0,2.0,2.0,20,10,1.1
True,True,3.0,2.0,2.0,20,10,1.3
True,True,3.0,2.0,2.0,20,25,0.9
True,True,3.0,2.0,2.0,20,25,1.0
True,True,3.0,2.0,2.0,20,25,1.1
True,True,3.0,2.0,2.0,20,25,1.3
True,True,7.0,1.0,1.0,20,5,0.9
True,True,7.0,1.0,1.0,20,5,1.0
True,True,7.0,1.0,1.0,20,5,1.1
True,True,7.0,1.0,1.0,20,5,1.3
True,True,7.0,1.0,1.0,20,10,0.9
True,True,7.0,1.0,1.0,20,10,1.0
True,True,7.0,1.0,1.0,20,10,1.1
True,True,7.0,1.0,1.0,20,10,1.3
True,True,7.0,1.0,1.0,20,25,0.9
True,True,7.0,1.0,1.0,20,25,1.0
True,True,7.0,1.0,1.0,20,25,1.1
True,True,7.0,1.0,1.0,20,25,1.3
True,True,7.0,2.0,1.0,20,5,0.9
True,True,7.0,2.0,1.0,20,5,1.0
True,True,7.0,2.0,1.0,20,5,1.1
True,True,7.0,2.0,1.0,20,5,1.3
True,True,7.0,2.0,1.0,20,10,0.9
True,True,7.0,2.0,1.0,20,10,1.0
True,True,7.0,2.0,1.0,20,10,1.1
True,True,7.0,2.0,1.0,20,10,1.3
True,True,7.0,2.0,1.0,20,25,0.9
True,True,7.0,2.0,1.0,20,25,1.0
True,True,7.0,2.0,1.0,20,25,1.1
True,True,7.0,2.0,1.0,20,25,1.3
True,True,7.0,2.0,2.0,20,5,0.9
True,True,7.0,2.0,2.0,20,5,1.0
True,True,7.0,2.0,2.0,20,5,1.1
True,True,7.0,2.0,2.0,20,5,1.3
True,True,7.0,2.0,2.0,20,10,0.9
True,True,7.0,2.0,2.0,20,10,1.0
True,True,7.0,2.0,2.0,20,10,1.1
True,True,7.0,2.0,2.0,20,10,1.3
True,True,7.0,2.0,2.0,20,25,0.9
True,True,7.0,2.0,2.0,20,25,1.0
True,True,7.0,2.0,2.0,20,25,1.1
True,True,7.0,2.0,2.0,20,25,1.3
True,True,13.0,1.0,1.0,20,5,0.9
True,True,13.0,1.0,1.0,20,5,1.0
True,True,13.0,1.0,1.0,20,5,1.1
True,True,13.0,1.0,1.0,20,5,1.3
True,True,13.0,1.0,1.0,20,10,0.9
True,True,13.0,1.0,1.0,20,10,1.0
True,True,13.0,1.0,1.0,20,10,1.1
True,True,13.0,1.0,1.0,20,10,1.3
True,True,13.0,1.0,1.0,20,25,0.9
True,True,13.0,1.0,1.0,20,25,1.0
True,True,13.0,1.0,1.0,20,25,1.1
True,True,13.0,1.0,1.0,20,25,1.3
True,True,13.0,2.0,1.0,20,5,0.9
True,True,13.0,2.0,1.0,20,5,1.0
True,True,13.0,2.0,1.0,20,5,1.1
True,True,13.0,2.0,1.0,20,5,1.3
True,True,13.0,2.0,1.0,20,10,0.9
True,True,13.0,2.0,1.0,20,10,1.0
True,True,13.0,2.0,1.0,20,10,1.1
True,True,13.0,2.0,1.0,20,10,1.3
True,True,13.0,2.0,1.0,20,25,0.9
True,True,13.0,2.0,1.0,20,25,1.0
True,True,13.0,2.0,1.0,20,25,1.1
True,True,13.0,2.0,1.0,20,25,1.3
True,True,13.0,2.0,2.0,20,5,0.9
True,True,13.0,2.0,2.0,20,5,1.0
True,True,13.0,2.0,2.0,20,5,1.1
True,True,13.0,2.0,2.0,20,5,1.3
True,True,13.0,2.0,2.0,20,10,0.9
True,True,13.0,2.0,2.0,20,10,1.0
True,True,13.0,2.0,2.0,20,10,1.1
True,True,13.0,2.0,2.0,20,10,1.3
True,True,13.0,2.0,2.0,20,25,0.9
True,True,13.0,2.0,2.0,20,25,1.0
True,True,13.0,2.0,2.0,20,25,1.1
True,True,13.0,2.0,2.0,20,25,1.3
True,False,,,,5,5,0.9
True,False,,,,5,5,1.0
True,False,,,,5,5,1.1
True,False,,,,5,5,1.3
True,False,,,,5,10,0.9
True,False,,,,5,10,1.0
True,False,,,,5,10,1.1
True,False,,,,5,10,1.3
True,False,,,,5,25,0.9
True,False,,,,5,25,1.0
True,False,,,,5,25,1.1
True,False,,,,5,25,1.3
True,False,,,,10,5,0.9
True,False,,,,10,5,1.0
True,False,,,,10,5,1.1
True,False,,,,10,5,1.3
True,False,,,,10,10,0.9
True,False,,,,10,10,1.0
True,False,,,,10,10,1.1
True,False,,,,10,10,1.3
True,False,,,,10,25,0.9
True,False,,,,10,25,1.0
True,False,,,,10,25,1.1
True,False,,,,10,25,1.3
True,False,,,,15,5,0.9
True,False,,,,15,5,1.0
True,False,,,,15,5,1.1
True,False,,,,15,5,1.3
True,False,,,,15,10,0.9
True,False,,,,15,10,1.0
True,False,,,,15,10,1.1
True,False,,,,15,10,1.3
True,False,,,,15,25,0.9
True,False,,,,15,25,1.0
True,False,,,,15,25,1.1
True,False,,,,15,25,1.3
True,False,,,,20,5,0.9
True,False,,,,20,5,1.0
True,False,,,,20,5,1.1
True,False,,,,20,5,1.3
True,False,,,,20,10,0.9
True,False,,,,20,10,1.0
True,False,,,,20,10,1.1
True,False,,,,20,10,1.3
True,False,,,,20,25,0.9
True,False,,,,20,25,1.0
True,False,,,,20,25,1.1
True,False,,,,20,25,1.3
False,True,3.0,1.0,1.0,5,5,0.9
False,True,3.0,1.0,1.0,5,5,1.0
False,True,3.0,1.0,1.0,5,5,1.1
False,True,3.0,1.0,1.0,5,5,1.3
False,True,3.0,1.0,1.0,5,10,0.9
False,True,3.0,1.0,1.0,5,10,1.0
False,True,3.0,1.0,1.0,5,10,1.1
False,True,3.0,1.0,1.0,5,10,1.3
False,True,3.0,1.0,1.0,5,25,0.9
False,True,3.0,1.0,1.0,5,25,1.0
False,True,3.0,1.0,1.0,5,25,1.1
False,True,3.0,1.0,1.0,5,25,1.3
False,True,3.0,2.0,1.0,5,5,0.9
False,True,3.0,2.0,1.0,5,5,1.0
False,True,3.0,2.0,1.0,5,5,1.1
False,True,3.0,2.0,1.0,5,5,1.3
False,True,3.0,2.0,1.0,5,10,0.9
False,True,3.0,2.0,1.0,5,10,1.0
False,True,3.0,2.0,1.0,5,10,1.1
False,True,3.0,2.0,1.0,5,10,1.3
False,True,3.0,2.0,1.0,5,25,0.9
False,True,3.0,2.0,1.0,5,25,1.0
False,True,3.0,2.0,1.0,5,25,1.1
False,True,3.0,2.0,1.0,5,25,1.3
False,True,3.0,2.0,2.0,5,5,0.9
False,True,3.0,2.0,2.0,5,5,1.0
False,True,3.0,2.0,2.0,5,5,1.1
False,True,3.0,2.0,2.0,5,5,1.3
False,True,3.0,2.0,2.0,5,10,0.9
False,True,3.0,2.0,2.0,5,10,1.0
False,True,3.0,2.0,2.0,5,10,1.1
False,True,3.0,2.0,2.0,5,10,1.3
False,True,3.0,2.0,2.0,5,25,0.9
False,True,3.0,2.0,2.0,5,25,1.0
False,True,3.0,2.0,2.0,5,25,1.1
False,True,3.0,2.0,2.0,5,25,1.3
False,True,7.0,1.0,1.0,5,5,0.9
False,True,7.0,1.0,1.0,5,5,1.0
False,True,7.0,1.0,1.0,5,5,1.1
False,True,7.0,1.0,1.0,5,5,1.3
False,True,7.0,1.0,1.0,5,10,0.9
False,True,7.0,1.0,1.0,5,10,1.0
False,True,7.0,1.0,1.0,5,10,1.1
False,True,7.0,1.0,1.0,5,10,1.3
False,True,7.0,1.0,1.0,5,25,0.9
False,True,7.0,1.0,1.0,5,25,1.0
False,True,7.0,1.0,1.0,5,25,1.1
False,True,7.0,1.0,1.0,5,25,1.3
False,True,7.0,2.0,1.0,5,5,0.9
False,True,7.0,2.0,1.0,5,5,1.0
False,True,7.0,2.0,1.0,5,5,1.1
False,True,7.0,2.0,1.0,5,5,1.3
False,True,7.0,2.0,1.0,5,10,0.9
False,True,7.0,2.0,1.0,5,10,1.0
False,True,7.0,2.0,1.0,5,10,1.1
False,True,7.0,2.0,1.0,5,10,1.3
False,True,7.0,2.0,1.0,5,25,0.9
False,True,7.0,2.0,1.0,5,25,1.0
False,True,7.0,2.0,1.0,5,25,1.1
False,True,7.0,2.0,1.0,5,25,1.3
False,True,7.0,2.0,2.0,5,5,0.9
False,True,7.0,2.0,2.0,5,5,1.0
False,True,7.0,2.0,2.0,5,5,1.1
False,True,7.0,2.0,2.0,5,5,1.3
False,True,7.0,2.0,2.0,5,10,0.9
False,True,7.0,2.0,2.0,5,10,1.0
False,True,7.0,2.0,2.0,5,10,1.1
False,True,7.0,2.0,2.0,5,10,1.3
False,True,7.0,2.0,2.0,5,25,0.9
False,True,7.0,2.0,2.0,5,25,1.0
False,True,7.0,2.0,2.0,5,25,1.1
False,True,7.0,2.0,2.0,5,25,1.3
False,True,13.0,1.0,1.0,5,5,0.9
False,True,13.0,1.0,1.0,5,5,1.0
False,True,13.0,1.0,1.0,5,5,1.1
False,True,13.0,1.0,1.0,5,5,1.3
False,True,13.0,1.0,1.0,5,10,0.9
False,True,13.0,1.0,1.0,5,10,1.0
False,True,13.0,1.0,1.0,5,10,1.1
False,True,13.0,1.0,1.0,5,10,1.3
False,True,13.0,1.0,1.0,5,25,0.9
False,True,13.0,1.0,1.0,5,25,1.0
False,True,13.0,1.0,1.0,5,25,1.1
False,True,13.0,1.0,1.0,5,25,1.3
False,True,13.0,2.0,1.0,5,5,0.9
False,True,13.0,2.0,1.0,5,5,1.0
False,True,13.0,2.0,1.0,5,5,1.1
False,True,13.0,2.0,1.0,5,5,1.3
False,True,13.0,2.0,1.0,5,10,0.9
False,True,13.0,2.0,1.0,5,10,1.0
False,True,13.0,2.0,1.0,5,10,1.1
False,True,13.0,2.0,1.0,5,10,1.3
False,True,13.0,2.0,1.0,5,25,0.9
False,True,13.0,2.0,1.0,5,25,1.0
False,True,13.0,2.0,1.0,5,25,1.1
False,True,13.0,2.0,1.0,5,25,1.3
False,True,13.0,2.0,2.0,5,5,0.9
False,True,13.0,2.0,2.0,5,5,1.0
False,True,13.0,2.0,2.0,5,5,1.1
False,True,13.0,2.0,2.0,5,5,1.3
False,True,13.0,2.0,2.0,5,10,0.9
False,True,13.0,2.0,2.0,5,10,1.0
False,True,13.0,2.0,2.0,5,10,1.1
False,True,13.0,2.0,2.0,5,10,1.3
False,True,13.0,2.0,2.0,5,25,0.9
False,True,13.0,2.0,2.0,5,25,1.0
False,True,13.0,2.0,2.0,5,25,1.1
False,True,13.0,2.0,2.0,5,25,1.3
False,True,3.0,1.0,1.0,10,5,0.9
False,True,3.0,1.0,1.0,10,5,1.0
False,True,3.0,1.0,1.0,10,5,1.1
False,True,3.0,1.0,1.0,10,5,1.3
False,True,3.0,1.0,1.0,10,10,0.9
False,True,3.0,1.0,1.0,10,10,1.0
False,True,3.0,1.0,1.0,10,10,1.1
False,True,3.0,1.0,1.0,10,10,1.3
False,True,3.0,1.0,1.0,10,25,0.9
False,True,3.0,1.0,1.0,10,25,1.0
False,True,3.0,1.0,1.0,10,25,1.1
False,True,3.0,1.0,1.0,10,25,1.3
False,True,3.0,2.0,1.0,10,5,0.9
False,True,3.0,2.0,1.0,10,5,1.0
False,True,3.0,2.0,1.0,10,5,1.1
False,True,3.0,2.0,1.0,10,5,1.3
False,True,3.0,2.0,1.0,10,10,0.9
False,True,3.0,2.0,1.0,10,10,1.0
False,True,3.0,2.0,1.0,10,10,1.1
False,True,3.0,2.0,1.0,10,10,1.3
False,True,3.0,2.0,1.0,10,25,0.9
False,True,3.0,2.0,1.0,10,25,1.0
False,True,3.0,2.0,1.0,10,25,1.1
False,True,3.0,2.0,1.0,10,25,1.3
False,True,3.0,2.0,2.0,10,5,0.9
False,True,3.0,2.0,2.0,10,5,1.0
False,True,3.0,2.0,2.0,10,5,1.1
False,True,3.0,2.0,2.0,10,5,1.3
False,True,3.0,2.0,2.0,10,10,0.9
False,True,3.0,2.0,2.0,10,10,1.0
False,True,3.0,2.0,2.0,10,10,1.1
False,True,3.0,2.0,2.0,10,10,1.3
False,True,3.0,2.0,2.0,10,25,0.9
False,True,3.0,2.0,2.0,10,25,1.0
False,True,3.0,2.0,2.0,10,25,1.1
False,True,3.0,2.0,2.0,10,25,1.3
False,True,7.0,1.0,1.0,10,5,0.9
False,True,7.0,1.0,1.0,10,5,1.0
False,True,7.0,1.0,1.0,10,5,1.1
False,True,7.0,1.0,1.0,10,5,1.3
False,True,7.0,1.0,1.0,10,10,0.9
False,True,7.0,1.0,1.0,10,10,1.0
False,True,7.0,1.0,1.0,10,10,1.1
False,True,7.0,1.0,1.0,10,10,1.3
False,True,7.0,1.0,1.0,10,25,0.9
False,True,7.0,1.0,1.0,10,25,1.0
False,True,7.0,1.0,1.0,10,25,1.1
False,True,7.0,1.0,1.0,10,25,1.3
False,True,7.0,2.0,1.0,10,5,0.9
False,True,7.0,2.0,1.0,10,5,1.0
False,True,7.0,2.0,1.0,10,5,1.1
False,True,7.0,2.0,1.0,10,5,1.3
False,True,7.0,2.0,1.0,10,10,0.9
False,True,7.0,2.0,1.0,10,10,1.0
False,True,7.0,2.0,1.0,10,10,1.1
False,True,7.0,2.0,1.0,10,10,1.3
False,True,7.0,2.0,1.0,10,25,0.9
False,True,7.0,2.0,1.0,10,25,1.0
False,True,7.0,2.0,1.0,10,25,1.1
False,True,7.0,2.0,1.0,10,25,1.3
False,True,7.0,2.0,2.0,10,5,0.9
False,True,7.0,2.0,2.0,10,5,1.0
False,True,7.0,2.0,2.0,10,5,1.1
False,True,7.0,2.0,2.0,10,5,1.3
False,True,7.0,2.0,2.0,10,10,0.9
False,True,7.0,2.0,2.0,10,10,1.0
False,True,7.0,2.0,2.0,10,10,1.1
False,True,7.0,2.0,2.0,10,10,1.3
False,True,7.0,2.0,2.0,10,25,0.9
False,True,7.0,2.0,2.0,10,25,1.0
False,True,7.0,2.0,2.0,10,25,1.1
False,True,7.0,2.0,2.0,10,25,1.3
False,True,13.0,1.0,1.0,10,5,0.9
False,True,13.0,1.0,1.0,10,5,1.0
False,True,13.0,1.0,1.0,10,5,1.1
False,True,13.0,1.0,1.0,10,5,1.3
False,True,13.0,1.0,1.0,10,10,0.9
False,True,13.0,1.0,1.0,10,10,1.0
False,True,13.0,1.0,1.0,10,10,1.1
False,True,13.0,1.0,1.0,10,10,1.3
False,True,13.0,1.0,1.0,10,25,0.9
False,True,13.0,1.0,1.0,10,25,1.0
False,True,13.0,1.0,1.0,10,25,1.1
False,True,13.0,1.0,1.0,10,25,1.3
False,True,13.0,2.0,1.0,10,5,0.9
False,True,13.0,2.0,1.0,10,5,1.0
False,True,13.0,2.0,1.0,10,5,1.1
False,True,13.0,2.0,1.0,10,5,1.3
False,True,13.0,2.0,1.0,10,10,0.9
False,True,13.0,2.0,1.0,10,10,1.0
False,True,13.0,2.0,1.0,10,10,1.1
False,True,13.0,2.0,1.0,10,10,1.3
False,True,13.0,2.0,1.0,10,25,0.9
False,True,13.0,2.0,1.0,10,25,1.0
False,True,13.0,2.0,1.0,10,25,1.1
False,True,13.0,2.0,1.0,10,25,1.3
False,True,13.0,2.0,2.0,10,5,0.9
False,True,13.0,2.0,2.0,10,5,1.0
False,True,13.0,2.0,2.0,10,5,1.1
False,True,13.0,2.0,2.0,10,5,1.3
False,True,13.0,2.0,2.0,10,10,0.9
False,True,13.0,2.0,2.0,10,10,1.0
False,True,13.0,2.0,2.0,10,10,1.1
False,True,13.0,2.0,2.0,10,10,1.3
False,True,13.0,2.0,2.0,10,25,0.9
False,True,13.0,2.0,2.0,10,25,1.0
False,True,13.0,2.0,2.0,10,25,1.1
False,True,13.0,2.0,2.0,10,25,1.3
False,True,3.0,1.0,1.0,15,5,0.9
False,True,3.0,1.0,1.0,15,5,1.0
False,True,3.0,1.0,1.0,15,5,1.1
False,True,3.0,1.0,1.0,15,5,1.3
False,True,3.0,1.0,1.0,15,10,0.9
False,True,3.0,1.0,1.0,15,10,1.0
False,True,3.0,1.0,1.0,15,10,1.1
False,True,3.0,1.0,1.0,15,10,1.3
False,True,3.0,1.0,1.0,15,25,0.9
False,True,3.0,1.0,1.0,15,25,1.0
False,True,3.0,1.0,1.0,15,25,1.1
False,True,3.0,1.0,1.0,15,25,1.3
False,True,3.0,2.0,1.0,15,5,0.9
False,True,3.0,2.0,1.0,15,5,1.0
False,True,3.0,2.0,1.0,15,5,1.1
False,True,3.0,2.0,1.0,15,5,1.3
False,True,3.0,2.0,1.0,15,10,0.9
False,True,3.0,2.0,1.0,15,10,1.0
False,True,3.0,2.0,1.0,15,10,1.1
False,True,3.0,2.0,1.0,15,10,1.3
False,True,3.0,2.0,1.0,15,25,0.9
False,True,3.0,2.0,1.0,15,25,1.0
False,True,3.0,2.0,1.0,15,25,1.1
False,True,3.0,2.0,1.0,15,25,1.3
False,True,3.0,2.0,2.0,15,5,0.9
False,True,3.0,2.0,2.0,15,5,1.0
False,True,3.0,2.0,2.0,15,5,1.1
False,True,3.0,2.0,2.0,15,5,1.3
False,True,3.0,2.0,2.0,15,10,0.9
False,True,3.0,2.0,2.0,15,10,1.0
False,True,3.0,2.0,2.0,15,10,1.1
False,True,3.0,2.0,2.0,15,10,1.3
False,True,3.0,2.0,2.0,15,25,0.9
False,True,3.0,2.0,2.0,15,25,1.0
False,True,3.0,2.0,2.0,15,25,1.1
False,True,3.0,2.0,2.0,15,25,1.3
False,True,7.0,1.0,1.0,15,5,0.9
False,True,7.0,1.0,1.0,15,5,1.0
False,True,7.0,1.0,1.0,15,5,1.1
False,True,7.0,1.0,1.0,15,5,1.3
False,True,7.0,1.0,1.0,15,10,0.9
False,True,7.0,1.0,1.0,15,10,1.0
False,True,7.0,1.0,1.0,15,10,1.1
False,True,7.0,1.0,1.0,15,10,1.3
False,True,7.0,1.0,1.0,15,25,0.9
False,True,7.0,1.0,1.0,15,25,1.0
False,True,7.0,1.0,1.0,15,25,1.1
False,True,7.0,1.0,1.0,15,25,1.3
False,True,7.0,2.0,1.0,15,5,0.9
False,True,7.0,2.0,1.0,15,5,1.0
False,True,7.0,2.0,1.0,15,5,1.1
False,True,7.0,2.0,1.0,15,5,1.3
False,True,7.0,2.0,1.0,15,10,0.9
False,True,7.0,2.0,1.0,15,10,1.0
False,True,7.0,2.0,1.0,15,10,1.1
False,True,7.0,2.0,1.0,15,10,1.3
False,True,7.0,2.0,1.0,15,25,0.9
False,True,7.0,2.0,1.0,15,25,1.0
False,True,7.0,2.0,1.0,15,25,1.1
False,True,7.0,2.0,1.0,15,25,1.3
False,True,7.0,2.0,2.0,15,5,0.9
False,True,7.0,2.0,2.0,15,5,1.0
False,True,7.0,2.0,2.0,15,5,1.1
False,True,7.0,2.0,2.0,15,5,1.3
False,True,7.0,2.0,2.0,15,10,0.9
False,True,7.0,2.0,2.0,15,10,1.0
False,True,7.0,2.0,2.0,15,10,1.1
False,True,7.0,2.0,2.0,15,10,1.3
False,True,7.0,2.0,2.0,15,25,0.9
False,True,7.0,2.0,2.0,15,25,1.0
False,True,7.0,2.0,2.0,15,25,1.1
False,True,7.0,2.0,2.0,15,25,1.3
False,True,13.0,1.0,1.0,15,5,0.9
False,True,13.0,1.0,1.0,15,5,1.0
False,True,13.0,1.0,1.0,15,5,1.1
False,True,13.0,1.0,1.0,15,5,1.3
False,True,13.0,1.0,1.0,15,10,0.9
False,True,13.0,1.0,1.0,15,10,1.0
False,True,13.0,1.0,1.0,15,10,1.1
False,True,13.0,1.0,1.0,15,10,1.3
False,True,13.0,1.0,1.0,15,25,0.9
False,True,13.0,1.0,1.0,15,25,1.0
False,True,13.0,1.0,1.0,15,25,1.1
False,True,13.0,1.0,1.0,15,25,1.3
False,True,13.0,2.0,1.0,15,5,0.9
False,True,13.0,2.0,1.0,15,5,1.0
False,True,13.0,2.0,1.0,15,5,1.1
False,True,13.0,2.0,1.0,15,5,1.3
False,True,13.0,2.0,1.0,15,10,0.9
False,True,13.0,2.0,1.0,15,10,1.0
False,True,13.0,2.0,1.0,15,10,1.1
False,True,13.0,2.0,1.0,15,10,1.3
False,True,13.0,2.0,1.0,15,25,0.9
False,True,13.0,2.0,1.0,15,25,1.0
False,True,13.0,2.0,1.0,15,25,1.1
False,True,13.0,2.0,1.0,15,25,1.3
False,True,13.0,2.0,2.0,15,5,0.9
False,True,13.0,2.0,2.0,15,5,1.0
False,True,13.0,2.0,2.0,15,5,1.1
False,True,13.0,2.0,2.0,15,5,1.3
False,True,13.0,2.0,2.0,15,10,0.9
False,True,13.0,2.0,2.0,15,10,1.0
False,True,13.0,2.0,2.0,15,10,1.1
False,True,13.0,2.0,2.0,15,10,1.3
False,True,13.0,2.0,2.0,15,25,0.9
False,True,13.0,2.0,2.0,15,25,1.0
False,True,13.0,2.0,2.0,15,25,1.1
False,True,13.0,2.0,2.0,15,25,1.3
False,True,3.0,1.0,1.0,20,5,0.9
False,True,3.0,1.0,1.0,20,5,1.0
False,True,3.0,1.0,1.0,20,5,1.1
False,True,3.0,1.0,1.0,20,5,1.3
False,True,3.0,1.0,1.0,20,10,0.9
False,True,3.0,1.0,1.0,20,10,1.0
False,True,3.0,1.0,1.0,20,10,1.1
False,True,3.0,1.0,1.0,20,10,1.3
False,True,3.0,1.0,1.0,20,25,0.9
False,True,3.0,1.0,1.0,20,25,1.0
False,True,3.0,1.0,1.0,20,25,1.1
False,True,3.0,1.0,1.0,20,25,1.3
False,True,3.0,2.0,1.0,20,5,0.9
False,True,3.0,2.0,1.0,20,5,1.0
False,True,3.0,2.0,1.0,20,5,1.1
False,True,3.0,2.0,1.0,20,5,1.3
False,True,3.0,2.0,1.0,20,10,0.9
False,True,3.0,2.0,1.0,20,10,1.0
False,True,3.0,2.0,1.0,20,10,1.1
False,True,3.0,2.0,1.0,20,10,1.3
False,True,3.0,2.0,1.0,20,25,0.9
False,True,3.0,2.0,1.0,20,25,1.0
False,True,3.0,2.0,1.0,20,25,1.1
False,True,3.0,2.0,1.0,20,25,1.3
False,True,3.0,2.0,2.0,20,5,0.9
False,True,3.0,2.0,2.0,20,5,1.0
False,True,3.0,2.0,2.0,20,5,1.1
False,True,3.0,2.0,2.0,20,5,1.3
False,True,3.0,2.0,2.0,20,10,0.9
False,True,3.0,2.0,2.0,20,10,1.0
False,True,3.0,2.0,2.0,20,10,1.1
False,True,3.0,2.0,2.0,20,10,1.3
False,True,3.0,2.0,2.0,20,25,0.9
False,True,3.0,2.0,2.0,20,25,1.0
False,True,3.0,2.0,2.0,20,25,1.1
False,True,3.0,2.0,2.0,20,25,1.3
False,True,7.0,1.0,1.0,20,5,0.9
False,True,7.0,1.0,1.0,20,5,1.0
False,True,7.0,1.0,1.0,20,5,1.1
False,True,7.0,1.0,1.0,20,5,1.3
False,True,7.0,1.0,1.0,20,10,0.9
False,True,7.0,1.0,1.0,20,10,1.0
False,True,7.0,1.0,1.0,20,10,1.1
False,True,7.0,1.0,1.0,20,10,1.3
False,True,7.0,1.0,1.0,20,25,0.9
False,True,7.0,1.0,1.0,20,25,1.0
False,True,7.0,1.0,1.0,20,25,1.1
False,True,7.0,1.0,1.0,20,25,1.3
False,True,7.0,2.0,1.0,20,5,0.9
False,True,7.0,2.0,1.0,20,5,1.0
False,True,7.0,2.0,1.0,20,5,1.1
False,True,7.0,2.0,1.0,20,5,1.3
False,True,7.0,2.0,1.0,20,10,0.9
False,True,7.0,2.0,1.0,20,10,1.0
False,True,7.0,2.0,1.0,20,10,1.1
False,True,7.0,2.0,1.0,20,10,1.3
False,True,7.0,2.0,1.0,20,25,0.9
False,True,7.0,2.0,1.0,20,25,1.0
False,True,7.0,2.0,1.0,20,25,1.1
False,True,7.0,2.0,1.0,20,25,1.3
False,True,7.0,2.0,2.0,20,5,0.9
False,True,7.0,2.0,2.0,20,5,1.0
False,True,7.0,2.0,2.0,20,5,1.1
False,True,7.0,2.0,2.0,20,5,1.3
False,True,7.0,2.0,2.0,20,10,0.9
False,True,7.0,2.0,2.0,20,10,1.0
False,True,7.0,2.0,2.0,20,10,1.1
False,True,7.0,2.0,2.0,20,10,1.3
False,True,7.0,2.0,2.0,20,25,0.9
False,True,7.0,2.0,2.0,20,25,1.0
False,True,7.0,2.0,2.0,20,25,1.1
False,True,7.0,2.0,2.0,20,25,1.3
False,True,13.0,1.0,1.0,20,5,0.9
False,True,13.0,1.0,1.0,20,5,1.0
False,True,13.0,1.0,1.0,20,5,1.1
False,True,13.0,1.0,1.0,20,5,1.3
False,True,13.0,1.0,1.0,20,10,0.9
False,True,13.0,1.0,1.0,20,10,1.0
False,True,13.0,1.0,1.0,20,10,1.1
False,True,13.0,1.0,1.0,20,10,1.3
False,True,13.0,1.0,1.0,20,25,0.9
False,True,13.0,1.0,1.0,20,25,1.0
False,True,13.0,1.0,1.0,20,25,1.1
False,True,13.0,1.0,1.0,20,25,1.3
False,True,13.0,2.0,1.0,20,5,0.9
False,True,13.0,2.0,1.0,20,5,1.0
False,True,13.0,2.0,1.0,20,5,1.1
False,True,13.0,2.0,1.0,20,5,1.3
False,True,13.0,2.0,1.0,20,10,0.9
False,True,13.0,2.0,1.0,20,10,1.0
False,True,13.0,2.0,1.0,20,10,1.1
False,True,13.0,2.0,1.0,20,10,1.3
False,True,13.0,2.0,1.0,20,25,0.9
False,True,13.0,2.0,1.0,20,25,1.0
False,True,13.0,2.0,1.0,20,25,1.1
False,True,13.0,2.0,1.0,20,25,1.3
False,True,13.0,2.0,2.0,20,5,0.9
False,True,13.0,2.0,2.0,20,5,1.0
False,True,13.0,2.0,2.0,20,5,1.1
False,True,13.0,2.0,2.0,20,5,1.3
False,True,13.0,2.0,2.0,20,10,0.9
False,True,13.0,2.0,2.0,20,10,1.0
False,True,13.0,2.0,2.0,20,10,1.1
False,True,13.0,2.0,2.0,20,10,1.3
False,True,13.0,2.0,2.0,20,25,0.9
False,True,13.0,2.0,2.0,20,25,1.0
False,True,13.0,2.0,2.0,20,25,1.1
False,True,13.0,2.0,2.0,20,25,1.3
False,False,,,,5,5,0.9
False,False,,,,5,5,1.0
False,False,,,,5,5,1.1
False,False,,,,5,5,1.3
False,False,,,,5,10,0.9
False,False,,,,5,10,1.0
False,False,,,,5,10,1.1
False,False,,,,5,10,1.3
False,False,,,,5,25,0.9
False,False,,,,5,25,1.0
False,False,,,,5,25,1.1
False,False,,,,5,25,1.3
False,False,,,,10,5,0.9
False,False,,,,10,5,1.0
False,False,,,,10,5,1.1
False,False,,,,10,5,1.3
False,False,,,,10,10,0.9
False,False,,,,10,10,1.0
False,False,,,,10,10,1.1
False,False,,,,10,10,1.3
False,False,,,,10,25,0.9
False,False,,,,10,25,1.0
False,False,,,,10,25,1.1
False,False,,,,10,25,1.3
False,False,,,,15,5,0.9
False,False,,,,15,5,1.0
False,False,,,,15,5,1.1
False,False,,,,15,5,1.3
False,False,,,,15,10,0.9
False,False,,,,15,10,1.0
False,False,,,,15,10,1.1
False,False,,,,15,10,1.3
False,False,,,,15,25,0.9
False,False,,,,15,25,1.0
False,False,,,,15,25,1.1
False,False,,,,15,25,1.3
False,False,,,,20,5,0.9
False,False,,,,20,5,1.0
False,False,,,,20,5,1.1
False,False,,,,20,5,1.3
False,False,,,,20,10,0.9
False,False,,,,20,10,1.0
False,False,,,,20,10,1.1
False,False,,,,20,10,1.3
False,False,,,,20,25,0.9
False,False,,,,20,25,1.0
False,False,,,,20,25,1.1
False,False,,,,20,25,1.3
